Job Title,Company,Location,Job Link
Software Development Engineer II,N/A,N/A,https://www.indeed.com/rc/clk?jk=e314e8cb2d874388&bb=wzb5oA7vsPFqvOziqUhoQV6oIUgOe6OkKBOAB51yaI7lEz32NIeJ6quD2mX1rq5UKnxBJmpiApmcq3eAZBzMiTz1gETw_IbhJvhZFYBonPBFGKcK_A0Vlw%3D%3D&xkcb=SoAX67M34rVSYbgdV70LbzkdCdPP&fccid=160efb82f2462f14&vjs=3
Software Engineer - Backend,N/A,N/A,https://www.indeed.com/rc/clk?jk=4e374fc1b69d6ef7&bb=wzb5oA7vsPFqvOziqUhoQXnHbyYDQfkzjBuopDcCe4EHC_T3Euqr06J-76kSUR6OzwaT3Dny2J7wlDnyzuoz6bNo8rFI9-L3mlvEBZhqAtjLj_qvz_cePDt3IU5qYdWK&xkcb=SoCj67M34rVSYbgdV70KbzkdCdPP&fccid=5261110462a433d3&cmp=Hive&ti=Software+Engineer&vjs=3
"Software Engineer II, Backend (Ledger Engineering)",N/A,N/A,https://www.indeed.com/rc/clk?jk=989e6bc7057a08b0&bb=wzb5oA7vsPFqvOziqUhoQRMVdI3HIhtHY-4zRb7BUxNmT7HBY0rUGvcwTmPND7g-sZcCsVAz3dZSweOVgOhO2Nk44WaetbhDQa062uaeqmq7NF6jbDZIaR2uz_9FM81o&xkcb=SoA-67M34rVSYbgdV70JbzkdCdPP&fccid=5cf4e54c5ef78aa7&vjs=3
"Software Engineer, Simulation, Tesla Bot",N/A,N/A,https://www.indeed.com/rc/clk?jk=f4d5128fc3f1d864&bb=wzb5oA7vsPFqvOziqUhoQT1FxvT-FCM8YMpcMSqjEdjmF1QEDHZTGV-6q-TxRIbu-fMBN8oIo4PiHUJwE0jgEdbDCD2402HLlSJFayvBBGAv1yj_wARTLGQuGzmpq9D1&xkcb=SoCK67M34rVSYbgdV70IbzkdCdPP&fccid=86e9be6ce380173e&vjs=3
"Staff Software Engineer, Customer Obsession",N/A,N/A,https://www.indeed.com/rc/clk?jk=5c1f7783d4244a8f&bb=wzb5oA7vsPFqvOziqUhoQUBvBchQyN7-HtRIqFbh9PL9x8sclAHotXJv98Ffrq8O_ew9maln5H0dDZr1BdZLcNdYPEY-JvQFgygiMvpEbBRUgOIcLd4CS6L9U6hDJWdA&xkcb=SoAE67M34rVSYbgdV70PbzkdCdPP&fccid=f766f8bfbc3effb7&vjs=3
Frontend Engineer,N/A,N/A,https://www.indeed.com/rc/clk?jk=d7a79f4debb76b53&bb=wzb5oA7vsPFqvOziqUhoQWY7y9JV3OpGj7x7Sv2Qr0gDXlBD9jPUzo61POd767ewhpcibgem0FiidFrf0UTMSSkw2cW-K_hsylkzplgJvjsXDxN9LLQyOgRBxExdty0F&xkcb=SoCw67M34rVSYbgdV70ObzkdCdPP&fccid=5261110462a433d3&cmp=Hive&ti=Front+End+Developer&vjs=3
"Backend Software Engineer, Tesla Bot & Robotaxi",N/A,N/A,https://www.indeed.com/rc/clk?jk=f2e3b39c3986a5b1&bb=wzb5oA7vsPFqvOziqUhoQQagJFqQO3o55RUL4V6g7Dsr-QF81onpbpOfvO43bx08K8uaURhY48SYJl1I-TbcC2TpvHOvrTV3OwWXT6gfscCS_-9Wr_ub76nKWw0ue7d1&xkcb=SoAt67M34rVSYbgdV70NbzkdCdPP&fccid=86e9be6ce380173e&vjs=3
"Software Engineer II, Full Stack (Capital Orchestration)",N/A,N/A,https://www.indeed.com/rc/clk?jk=7b3066204f040f89&bb=wzb5oA7vsPFqvOziqUhoQRtyTz0WcJBON62u4p70WAfbzO09g49ROsw4uXDwjwt_YixWG4_wcwXRdz9G-jcumG0KPkQ78UyqV5UbgSkxQx9IhNd9cRhcLbfC0iUE6mWh&xkcb=SoCZ67M34rVSYbgdV70MbzkdCdPP&fccid=5cf4e54c5ef78aa7&vjs=3
Software Engineering LMTS - IDE Experiences,N/A,N/A,https://www.indeed.com/rc/clk?jk=bb22967bc8ef6bcd&bb=wzb5oA7vsPFqvOziqUhoQa1ohDvvjw4jljM3NQpZ_K8f56CjaA8qPYAhKlhXJgHio8TO2HdE0Q3c1LUO0ZQ8Kyv8fYNAUNoR0xvSGlLWW-7Vc0uBGgZs4Q%3D%3D&xkcb=SoBw67M34rVSYbgdV70DbzkdCdPP&fccid=4027cfd917e1ee29&vjs=3
"C++ Software Engineer, Teleoperation, Tesla Bot and Robotaxi",N/A,N/A,https://www.indeed.com/rc/clk?jk=37833fa040463e69&bb=wzb5oA7vsPFqvOziqUhoQZlWg7w7aos9B7ECSVF-L6ww6OtbB7465xWYujdKJKHO4XPzaK2LUlR4eflHC-hWNi2tdc3t5IIBCLIDsQtdORoT8Vll8TW_7MQ7xn5WisO1&xkcb=SoDE67M34rVSYbgdV70CbzkdCdPP&fccid=86e9be6ce380173e&vjs=3
Software Engineer,N/A,N/A,https://www.indeed.com/rc/clk?jk=ef0556c17c57b97c&bb=wzb5oA7vsPFqvOziqUhoQRrzmkjgTsw3g9_7CHW5P2imG7VNcQjdnpengHJzuVa5T7XHHhMrPiesvPTJpi1KMjTtlfEQfdyJ-5RcZn92Y1ixx99ed4iGLHmB28LNg0k_&xkcb=SoBZ67M34rVSYbgdV70BbzkdCdPP&fccid=9ec85e9446879ff1&vjs=3
Software Development Engineer,N/A,N/A,https://www.indeed.com/rc/clk?jk=3eb4281142ec4905&bb=wzb5oA7vsPFqvOziqUhoQb8zZPr20P05Na5P41o_guVNsNbLex-LRdO7j_S5aCZEZjXqpoKKaNsB7VxKIlIcwwE0JKgVjjRmZ044b7bASJMOXBg04v5uWQ%3D%3D&xkcb=SoDt67M34rVSYbgdV70AbzkdCdPP&fccid=fe2d21eef233e94a&vjs=3
Software Engineering AMTS,N/A,N/A,https://www.indeed.com/rc/clk?jk=ccffd9f4c32ca521&bb=wzb5oA7vsPFqvOziqUhoQWkZTG3MhRjXMNIaIKtkuhAtCuHVVrK4rzlTHj15ftaMyy01mlyzrr4o_lslFCgRdWVFK_Gdan9QQuYFQAvAS1jeKQGgQDZQkA%3D%3D&xkcb=SoBj67M34rVSYbgdV70HbzkdCdPP&fccid=4027cfd917e1ee29&vjs=3
Software Engineer 1 - Machine Learning,N/A,N/A,https://www.indeed.com/rc/clk?jk=2ec6e56d58e91933&bb=wzb5oA7vsPFqvOziqUhoQQ3pHlI2lySC-jO-P45kQAlwyzF4vzLnGkHMxNOuKUN54fkRfuLM8TDE-eOWMCsauqX58wOTxkz_yCPH-pOzIGz6c_2YaeDz1SKubJiItbvi&xkcb=SoDX67M34rVSYbgdV70GbzkdCdPP&fccid=3a647fcb3a1d7762&vjs=3
Senior Software Engineer - Prototyping,N/A,N/A,https://www.indeed.com/rc/clk?jk=fcabccb91a2957dd&bb=wzb5oA7vsPFqvOziqUhoQW2bo6E0QslLShCd39sAdp5xDW1QV241GWLvaj-qrco8zMA4YYUnR9BALd6XqkqPzlEOwgpbhwDY2BX979bVXtJGbAcl_Uuc-lvnD4O8a_pX&xkcb=SoBK67M34rVSYbgdV70FbzkdCdPP&fccid=4a9c3fc37e5f1a80&vjs=3
